window,auprc,ap_lift,p_at_budget,positive_clients,total_clients,positives,transactions,prevalence
1,0.0032291239155901137,6.401573942032336,0.0,5,5,408,754449,0.0005407920217271148
2,0.07619840796838172,32.253372811569605,0.18,5,5,391,207382,0.0018854095340964981
3,0.053402049225612744,24.084589631075243,0.092,5,5,407,207430,0.0019621076989827894
4,0.04121848915495572,44.03938239907564,0.11599999999999999,5,5,471,482650,0.0009758624261887496
5,0.0715234952746734,67.35473832368297,0.168,5,5,531,482089,0.0011014563700893403
6,0.039850903232001286,37.819313791386676,0.088,5,5,497,482751,0.001029516251649401
7,0.04013617425518105,39.72640438806115,0.11599999999999999,5,5,539,482773,0.0011164667452405169
8,0.038392836225422756,44.67901637103394,0.136,5,5,514,654467,0.0007853719133279447
9,0.04721637269901904,23.05115000983621,0.06,5,5,442,208325,0.002121684867394696
