window,client,budget,precision,recall
1,0,10,0.1,0.037037037037037035
1,0,25,0.04,0.037037037037037035
1,0,50,0.02,0.037037037037037035
1,0,100,0.01,0.037037037037037035
1,0,200,0.005,0.037037037037037035
1,1,10,0.0,0.0
1,1,25,0.0,0.0
1,1,50,0.0,0.0
1,1,100,0.0,0.0
1,1,200,0.0,0.0
1,2,10,0.0,0.0
1,2,25,0.0,0.0
1,2,50,0.0,0.0
1,2,100,0.0,0.0
1,2,200,0.0,0.0
1,3,10,0.0,0.0
1,3,25,0.0,0.0
1,3,50,0.0,0.0
1,3,100,0.0,0.0
1,3,200,0.0,0.0
1,4,10,0.0,0.0
1,4,25,0.0,0.0
1,4,50,0.0,0.0
1,4,100,0.0,0.0
1,4,200,0.0,0.0
2,0,10,0.0,0.0
2,0,25,0.08,0.05
2,0,50,0.08,0.1
2,0,100,0.06,0.15
2,0,200,0.045,0.225
2,1,10,0.0,0.0
2,1,25,0.0,0.0
2,1,50,0.0,0.0
2,1,100,0.0,0.0
2,1,200,0.0,0.0
2,2,10,0.1,0.021739130434782608
2,2,25,0.08,0.043478260869565216
2,2,50,0.04,0.043478260869565216
2,2,100,0.03,0.06521739130434782
2,2,200,0.02,0.08695652173913043
2,3,10,0.2,0.0625
2,3,25,0.08,0.0625
2,3,50,0.04,0.0625
2,3,100,0.02,0.0625
2,3,200,0.01,0.0625
2,4,10,0.1,0.029411764705882353
2,4,25,0.04,0.029411764705882353
2,4,50,0.02,0.029411764705882353
2,4,100,0.01,0.029411764705882353
2,4,200,0.005,0.029411764705882353
3,0,10,0.2,0.029411764705882353
3,0,25,0.12,0.04411764705882353
3,0,50,0.08,0.058823529411764705
3,0,100,0.07,0.10294117647058823
3,0,200,0.05,0.14705882352941177
3,1,10,0.5,0.024509803921568627
3,1,25,0.2,0.024509803921568627
3,1,50,0.12,0.029411764705882353
3,1,100,0.08,0.0392156862745098
3,1,200,0.08,0.0784313725490196
3,2,10,0.0,0.0
3,2,25,0.0,0.0
3,2,50,0.0,0.0
3,2,100,0.03,0.057692307692307696
3,2,200,0.02,0.07692307692307693
3,3,10,0.0,0.0
3,3,25,0.0,0.0
3,3,50,0.0,0.0
3,3,100,0.01,0.05263157894736842
3,3,200,0.015,0.15789473684210525
3,4,10,0.1,0.023255813953488372
3,4,25,0.08,0.046511627906976744
3,4,50,0.12,0.13953488372093023
3,4,100,0.07,0.16279069767441862
3,4,200,0.05,0.23255813953488372
4,0,10,0.1,0.013513513513513514
4,0,25,0.04,0.013513513513513514
4,0,50,0.02,0.013513513513513514
4,0,100,0.01,0.013513513513513514
4,0,200,0.025,0.06756756756756757
4,1,10,0.4,0.016736401673640166
4,1,25,0.32,0.03347280334728033
4,1,50,0.32,0.06694560669456066
4,1,100,0.32,0.13389121338912133
4,1,200,0.26,0.2175732217573222
4,2,10,0.0,0.0
4,2,25,0.0,0.0
4,2,50,0.0,0.0
4,2,100,0.02,0.05714285714285714
4,2,200,0.02,0.11428571428571428
4,3,10,0.0,0.0
4,3,25,0.0,0.0
4,3,50,0.0,0.0
4,3,100,0.03,0.1
4,3,200,0.015,0.1
4,4,10,0.1,0.0196078431372549
4,4,25,0.12,0.058823529411764705
4,4,50,0.08,0.0784313725490196
4,4,100,0.04,0.0784313725490196
4,4,200,0.025,0.09803921568627451
5,0,10,0.4,0.04878048780487805
5,0,25,0.2,0.06097560975609756
5,0,50,0.1,0.06097560975609756
5,0,100,0.06,0.07317073170731707
5,0,200,0.035,0.08536585365853659
5,1,10,0.8,0.0321285140562249
5,1,25,0.68,0.06827309236947791
5,1,50,0.6,0.12048192771084337
5,1,100,0.42,0.1686746987951807
5,1,200,0.25,0.20080321285140562
5,2,10,0.1,0.022222222222222223
5,2,25,0.04,0.022222222222222223
5,2,50,0.02,0.022222222222222223
5,2,100,0.04,0.08888888888888889
5,2,200,0.035,0.15555555555555556
5,3,10,0.1,0.011494252873563218
5,3,25,0.12,0.034482758620689655
5,3,50,0.1,0.05747126436781609
5,3,100,0.08,0.09195402298850575
5,3,200,0.05,0.11494252873563218
5,4,10,0.1,0.012195121951219513
5,4,25,0.12,0.036585365853658534
5,4,50,0.1,0.06097560975609756
5,4,100,0.08,0.0975609756097561
5,4,200,0.05,0.12195121951219512
6,0,10,0.0,0.0
6,0,25,0.04,0.012195121951219513
6,0,50,0.04,0.024390243902439025
6,0,100,0.04,0.04878048780487805
6,0,200,0.02,0.04878048780487805
6,1,10,0.6,0.029411764705882353
6,1,25,0.44,0.05392156862745098
6,1,50,0.3,0.07352941176470588
6,1,100,0.24,0.11764705882352941
6,1,200,0.15,0.14705882352941177
6,2,10,0.0,0.0
6,2,25,0.0,0.0
6,2,50,0.04,0.03636363636363636
6,2,100,0.03,0.05454545454545454
6,2,200,0.025,0.09090909090909091
6,3,10,0.1,0.009708737864077669
6,3,25,0.08,0.019417475728155338
6,3,50,0.04,0.019417475728155338
6,3,100,0.03,0.02912621359223301
6,3,200,0.04,0.07766990291262135
6,4,10,0.0,0.0
6,4,25,0.04,0.014285714285714285
6,4,50,0.02,0.014285714285714285
6,4,100,0.02,0.02857142857142857
6,4,200,0.02,0.05714285714285714
7,0,10,0.1,0.012048192771084338
7,0,25,0.04,0.012048192771084338
7,0,50,0.04,0.024096385542168676
7,0,100,0.05,0.060240963855421686
7,0,200,0.03,0.07228915662650602
7,1,10,0.6,0.02054794520547945
7,1,25,0.4,0.03424657534246575
7,1,50,0.38,0.06506849315068493
7,1,100,0.28,0.0958904109589041
7,1,200,0.215,0.14726027397260275
7,2,10,0.1,0.019230769230769232
7,2,25,0.04,0.019230769230769232
7,2,50,0.06,0.057692307692307696
7,2,100,0.06,0.11538461538461539
7,2,200,0.03,0.11538461538461539
7,3,10,0.1,0.011904761904761904
7,3,25,0.04,0.011904761904761904
7,3,50,0.02,0.011904761904761904
7,3,100,0.02,0.023809523809523808
7,3,200,0.02,0.047619047619047616
7,4,10,0.4,0.05128205128205128
7,4,25,0.2,0.0641025641025641
7,4,50,0.1,0.0641025641025641
7,4,100,0.07,0.08974358974358974
7,4,200,0.035,0.08974358974358974
8,0,10,0.0,0.0
8,0,25,0.04,0.011764705882352941
8,0,50,0.02,0.011764705882352941
8,0,100,0.04,0.047058823529411764
8,0,200,0.02,0.047058823529411764
8,1,10,0.4,0.015384615384615385
8,1,25,0.2,0.019230769230769232
8,1,50,0.16,0.03076923076923077
8,1,100,0.11,0.04230769230769231
8,1,200,0.085,0.06538461538461539
8,2,10,0.1,0.017241379310344827
8,2,25,0.12,0.05172413793103448
8,2,50,0.1,0.08620689655172414
8,2,100,0.05,0.08620689655172414
8,2,200,0.025,0.08620689655172414
8,3,10,0.0,0.0
8,3,25,0.08,0.02531645569620253
8,3,50,0.08,0.05063291139240506
8,3,100,0.05,0.06329113924050633
8,3,200,0.04,0.10126582278481013
8,4,10,0.0,0.0
8,4,25,0.04,0.015151515151515152
8,4,50,0.04,0.030303030303030304
8,4,100,0.03,0.045454545454545456
8,4,200,0.015,0.045454545454545456
9,0,10,0.1,0.012987012987012988
9,0,25,0.16,0.05194805194805195
9,0,50,0.08,0.05194805194805195
9,0,100,0.05,0.06493506493506493
9,0,200,0.04,0.1038961038961039
9,1,10,0.4,0.0196078431372549
9,1,25,0.36,0.04411764705882353
9,1,50,0.28,0.06862745098039216
9,1,100,0.23,0.11274509803921569
9,1,200,0.155,0.15196078431372548
9,2,10,0.0,0.0
9,2,25,0.04,0.020833333333333332
9,2,50,0.02,0.020833333333333332
9,2,100,0.01,0.020833333333333332
9,2,200,0.015,0.0625
9,3,10,0.1,0.011627906976744186
9,3,25,0.04,0.011627906976744186
9,3,50,0.02,0.011627906976744186
9,3,100,0.02,0.023255813953488372
9,3,200,0.01,0.023255813953488372
9,4,10,0.1,0.015625
9,4,25,0.2,0.078125
9,4,50,0.1,0.078125
9,4,100,0.06,0.09375
9,4,200,0.03,0.09375
