condition,seed,beta,auprc,ap_lift,p_at_budget,window_macro_auprc,transaction_weighted_window_auprc
control,42,0.0,0.0012069218535661198,1.167051650812472,0.008222222222222223,0.00305400822497395,0.002991279719463861
control,42,0.05,0.00118114149335392,1.141980299777528,0.007333333333333334,0.0029513715520081275,0.002908128037321061
control,42,0.1,0.0014959355829903798,1.4523648397755813,0.007333333333333334,0.002940910715551267,0.0028994285787634386
control,42,0.15,0.0014285368556937999,1.3829544554322308,0.0071111111111111115,0.0028331102843403445,0.0028104394764158678
control,42,0.2,0.0013198576023687601,1.2748128542253148,0.0071111111111111115,0.00273681168267635,0.0027309529596158365
control,42,0.3,0.00129673608524576,1.2522454418319815,0.006888888888888889,0.0027180040725351554,0.0027153927809826558
control,43,0.0,0.0011616640096244,1.1206127267891037,0.016,0.004594750133743662,0.004602658131185065
control,43,0.05,0.0014652847068587398,1.382720834153682,0.014000000000000002,0.0041592087105645735,0.004154665749279451
control,43,0.1,0.00139027914446022,1.3450984594737294,0.011333333333333334,0.0036047324007382506,0.003618413074611171
control,43,0.15,0.00147652450402022,1.434269465170144,0.010222222222222221,0.003617100197521,0.0036337880900242235
control,43,0.2,0.0015886163537879,1.5481782220811073,0.01,0.003390465882482095,0.0034046509369427187
control,43,0.3,0.00207532800152972,2.0380954657084356,0.011555555555555557,0.0043522412325646105,0.004358660539581633
control,44,0.0,0.0011612402512785,1.1162675185475046,0.008888888888888889,0.0030480323135720832,0.002942361628295901
control,44,0.05,0.0011612402512785,1.1162675185475046,0.008888888888888889,0.0030480323135720832,0.002942361628295901
control,44,0.1,0.0011612402512785,1.1162675185475046,0.008888888888888889,0.0030480323135720832,0.002942361628295901
control,44,0.15,0.0011612402512785,1.1162675185475046,0.008888888888888889,0.0030480323135720832,0.002942361628295901
control,44,0.2,0.0011612402512785,1.1162675185475046,0.008888888888888889,0.0030480323135720832,0.002942361628295901
control,44,0.3,0.0011612402512785,1.1162675185475046,0.008888888888888889,0.0030480323135720832,0.002942361628295901
control,45,0.0,0.00128184774320364,1.2362107034554746,0.006888888888888889,0.0048040005038450725,0.004771236949903397
control,45,0.05,0.00131908907805506,1.2734394029718552,0.006888888888888889,0.004772058450732256,0.0047424667141481285
control,45,0.1,0.0014438922942508201,1.3997632620565819,0.007333333333333334,0.004759889495579383,0.004729868897162125
control,45,0.15,0.00142779752690886,1.3853062921238055,0.007555555555555555,0.004727664435929073,0.004701304023047678
control,45,0.2,0.00139432510037826,1.3529647667153013,0.0077777777777777776,0.004708760089331032,0.004684838653271341
control,45,0.3,0.00139677211242792,1.3558154868508052,0.008222222222222223,0.004723293053579422,0.004693587038306108
control,46,0.0,0.0011271075056638602,1.0888350274509286,0.018000000000000002,0.0053605238688608,0.005295264492206788
control,46,0.05,0.0011271075056638602,1.0888350274509286,0.018000000000000002,0.0053605238688608,0.005295264492206788
control,46,0.1,0.0011271075056638602,1.0888350274509286,0.018000000000000002,0.0053605238688608,0.005295264492206788
control,46,0.15,0.0011271075056638602,1.0888350274509286,0.018000000000000002,0.0053605238688608,0.005295264492206788
control,46,0.2,0.0011271075056638602,1.0888350274509286,0.018000000000000002,0.0053605238688608,0.005295264492206788
control,46,0.3,0.0011271075056638602,1.0888350274509286,0.018000000000000002,0.0053605238688608,0.005295264492206788
control,47,0.0,0.00127696105000424,1.223083798783662,0.008666666666666666,0.003257320115742544,0.0032567573474006637
control,47,0.05,0.00127696105000424,1.223083798783662,0.008666666666666666,0.003257320115742544,0.0032567573474006637
control,47,0.1,0.00127696105000424,1.223083798783662,0.008666666666666666,0.003257320115742544,0.0032567573474006637
control,47,0.15,0.00127696105000424,1.223083798783662,0.008666666666666666,0.003257320115742544,0.0032567573474006637
control,47,0.2,0.00127696105000424,1.223083798783662,0.008666666666666666,0.003257320115742544,0.0032567573474006637
control,47,0.3,0.00127696105000424,1.223083798783662,0.008666666666666666,0.003257320115742544,0.0032567573474006637
control,48,0.0,0.00176680438151718,1.7504117520180507,0.030444444444444448,0.010902351405667773,0.010842289410462032
control,48,0.05,0.00176680438151718,1.7504117520180507,0.030444444444444448,0.010902351405667773,0.010842289410462032
control,48,0.1,0.00176680438151718,1.7504117520180507,0.030444444444444448,0.010902351405667773,0.010842289410462032
control,48,0.15,0.00176680438151718,1.7504117520180507,0.030444444444444448,0.010902351405667773,0.010842289410462032
control,48,0.2,0.00176680438151718,1.7504117520180507,0.030444444444444448,0.010902351405667773,0.010842289410462032
control,48,0.3,0.00176680438151718,1.7504117520180507,0.030444444444444448,0.010902351405667773,0.010842289410462032
control,49,0.0,0.0021316556676985203,2.0801650217883334,0.01466666666666667,0.005828325450903454,0.005688229039382316
control,49,0.05,0.0021316556676985203,2.0801650217883334,0.01466666666666667,0.005828325450903454,0.005688229039382316
control,49,0.1,0.0021316556676985203,2.0801650217883334,0.01466666666666667,0.005828325450903454,0.005688229039382316
control,49,0.15,0.0021316556676985203,2.0801650217883334,0.01466666666666667,0.005828325450903454,0.005688229039382316
control,49,0.2,0.0021316556676985203,2.0801650217883334,0.01466666666666667,0.005828325450903454,0.005688229039382316
control,49,0.3,0.0021316556676985203,2.0801650217883334,0.01466666666666667,0.005828325450903454,0.005688229039382316
control,50,0.0,0.0011610578878337799,1.1208158683795344,0.003333333333333334,0.0020341181050669115,0.002006465608584179
control,50,0.05,0.00121047613814192,1.1658394886392327,0.003333333333333334,0.0020292465685977667,0.002003354565677905
control,50,0.1,0.0013583318153087,1.3053909606813014,0.002888888888888889,0.002103303259690489,0.0020774856467527343
control,50,0.15,0.00156910476973574,1.4993002727753577,0.0031111111111111114,0.0022888132598087724,0.002259823789447384
control,50,0.2,0.0016560268786166398,1.5772366618736293,0.0031111111111111114,0.002377129442001956,0.0023460603371473817
control,50,0.3,0.0015724823675468,1.5021700536262603,0.003555555555555556,0.002289546171663689,0.002261874260265578
control,51,0.0,0.0011767648693867198,1.1391344135638957,0.026444444444444448,0.008217772312956083,0.008047666494983252
control,51,0.05,0.00127036664820986,1.2276191944267685,0.02466666666666667,0.007620739036938293,0.007548659442859155
control,51,0.1,0.0016411527416264602,1.592131498361748,0.023555555555555555,0.007522092609220005,0.0074659573861245694
control,51,0.15,0.00150712367044134,1.4589810481794312,0.023555555555555555,0.007370940673173527,0.007338917856885869
control,51,0.2,0.00145040486481202,1.401017319296197,0.023333333333333334,0.007314860951770661,0.007291322890897449
control,51,0.3,0.0012235332224006998,1.184599858430731,0.023333333333333334,0.007101325717787221,0.00711392184893736
drift,42,0.0,0.0011480969671247801,1.1030978078899452,0.005555555555555556,0.0021246056289645496,0.0021111215026915
drift,42,0.05,0.0011480969671247801,1.1030978078899452,0.005555555555555556,0.0021246056289645496,0.0021111215026915
drift,42,0.1,0.0011480969671247801,1.1030978078899452,0.005555555555555556,0.0021246056289645496,0.0021111215026915
drift,42,0.15,0.0011480969671247801,1.1030978078899452,0.005555555555555556,0.0021246056289645496,0.0021111215026915
drift,42,0.2,0.0011480969671247801,1.1030978078899452,0.005555555555555556,0.0021246056289645496,0.0021111215026915
drift,42,0.3,0.0011480969671247801,1.1030978078899452,0.005555555555555556,0.0021246056289645496,0.0021111215026915
drift,43,0.0,0.0010533966065921,1.0097084595165355,0.0013333333333333333,0.0015233049630647168,0.001513410897077892
drift,43,0.05,0.00117506531492088,1.1275448918676336,0.0022222222222222222,0.0015445735690590833,0.0015333450996667952
drift,43,0.1,0.0011388889147336601,1.0917251463457978,0.0017777777777777779,0.0014362294526384556,0.001429780095706071
drift,43,0.15,0.0012210896741662,1.1662864584764514,0.0017777777777777779,0.001528192544807889,0.0015228120795523186
drift,43,0.2,0.00127855327076112,1.2300429502171497,0.0024444444444444444,0.0015327644333764333,0.001528161392142299
drift,43,0.3,0.00197418854327742,1.9172914374243581,0.0044444444444444444,0.0022637030200856278,0.002260882112506063
drift,44,0.0,0.0010845894189052399,1.035722292613669,0.007555555555555556,0.003114323373224061,0.002977744318394728
drift,44,0.05,0.00143721103336786,1.3966821575957167,0.009777777777777776,0.003451780049782628,0.003291733401567357
drift,44,0.1,0.00156712748434324,1.520511455553823,0.011777777777777778,0.003943505406238861,0.003789284187907983
drift,44,0.15,0.00178913925698534,1.7375267370176666,0.015555555555555557,0.004556725522912567,0.004392498331293555
drift,44,0.2,0.00189828168924712,1.8466482912684339,0.024444444444444446,0.004456183177163162,0.004343022396032409
drift,44,0.3,0.0015629483973081597,1.4917689982575113,0.02288888888888889,0.0043247760189121225,0.004245307774840075
drift,45,0.0,0.0011012216950789,1.0573308860838009,0.004666666666666666,0.0027207457958097446,0.0025832819383445047
drift,45,0.05,0.0016409424306866797,1.5848566651143738,0.0031111111111111114,0.0022917565057515997,0.0022122744268586237
drift,45,0.1,0.00137097751234524,1.3213045817924551,0.002888888888888889,0.0018561086263802777,0.0018302052512225127
drift,45,0.15,0.00137150718571628,1.3222121138051963,0.002888888888888889,0.0018599621447773888,0.0018383964967176789
drift,45,0.2,0.0013554056730994,1.3064469602429516,0.0022222222222222222,0.0017732453816612832,0.0017549984134583184
drift,45,0.3,0.00132177894991828,1.2730519562694682,0.0015555555555555555,0.0017487071174842337,0.0017306723241854807
drift,46,0.0,0.00159042072430636,1.4963846809598287,0.020666666666666667,0.00564427909070585,0.005632981259801812
drift,46,0.05,0.00159042072430636,1.4963846809598287,0.020666666666666667,0.00564427909070585,0.005632981259801812
drift,46,0.1,0.00159042072430636,1.4963846809598287,0.020666666666666667,0.00564427909070585,0.005632981259801812
drift,46,0.15,0.00159042072430636,1.4963846809598287,0.020666666666666667,0.00564427909070585,0.005632981259801812
drift,46,0.2,0.00159042072430636,1.4963846809598287,0.020666666666666667,0.00564427909070585,0.005632981259801812
drift,46,0.3,0.00159042072430636,1.4963846809598287,0.020666666666666667,0.00564427909070585,0.005632981259801812
drift,47,0.0,0.00108283219387494,1.0370243062108826,0.016,0.004591143784742272,0.004511189764398344
drift,47,0.05,0.0012451426721638201,1.1928376150909379,0.018444444444444447,0.0056133890137505665,0.005606509172128219
drift,47,0.1,0.0014203551995417198,1.3585455451610309,0.015555555555555555,0.005242849981507033,0.005245081965950069
drift,47,0.15,0.0014861933245252398,1.421782003201173,0.013111111111111113,0.004160446020613184,0.004150737182438035
drift,47,0.2,0.0015133657280415199,1.4484534865186804,0.009333333333333334,0.003353757931985805,0.0033451657014144085
drift,47,0.3,0.0014965043709122398,1.4330072042860453,0.006444444444444445,0.002991918941369833,0.002991036809278161
drift,48,0.0,0.00171112593161326,1.6832344332139677,0.03377777777777778,0.012347053922104178,0.012199090338700487
drift,48,0.05,0.0025571652234957,2.5117336471187177,0.03666666666666667,0.013152766100703867,0.013018241969963222
drift,48,0.1,0.0032947433971031196,3.1632923758292235,0.036888888888888895,0.013245404892380061,0.01315036323885935
drift,48,0.15,0.00246611429677076,2.388187190837796,0.03444444444444445,0.011865835074920722,0.011769734417533078
drift,48,0.2,0.0017637929057690402,1.6863644185513642,0.02955555555555556,0.009823429410563857,0.009677225197225595
drift,48,0.3,0.0015392943702791,1.4591356204328574,0.021777777777777774,0.007440648323804384,0.007292269713594062
drift,49,0.0,0.00208536076879034,2.0322937118917737,0.015333333333333338,0.0047839307098766605,0.004611418608715404
drift,49,0.05,0.00302617133517994,2.9393161139285104,0.022,0.006525423969954711,0.006198871246587912
drift,49,0.1,0.00496847556094722,4.583510485615655,0.02733333333333334,0.008606161826326661,0.00808830373733197
drift,49,0.15,0.00505282554288666,4.652528580467213,0.02488888888888889,0.008798732175184195,0.008268260075301629
drift,49,0.2,0.0050935236052588794,4.699388932313063,0.024222222222222225,0.008743313702145225,0.008193744462449894
drift,49,0.3,0.00496322309180132,4.586857073031252,0.02266666666666667,0.008069634677082377,0.007556071833055416
drift,50,0.0,0.00111078119948778,1.063376042716158,0.005777777777777778,0.0022312435022493336,0.0022114421352031092
drift,50,0.05,0.0011910100042709201,1.1355253081789507,0.006444444444444445,0.002404585849971861,0.002385190267351282
drift,50,0.1,0.00143530030729384,1.3664327804609937,0.013333333333333336,0.003860067226070789,0.003860949562308605
drift,50,0.15,0.0015209974270352401,1.4466474923692367,0.015333333333333334,0.004232124799693628,0.004222064103539368
drift,50,0.2,0.0016041595703613202,1.5206372988057637,0.017555555555555557,0.0035598419690226995,0.003530868419830895
drift,50,0.3,0.0016031659631396199,1.5194842167526081,0.00888888888888889,0.0029350337867687054,0.0029066775010383726
drift,51,0.0,0.0011393087218892002,1.0938878175575144,0.026222222222222227,0.008967260762442968,0.009044811943509333
drift,51,0.05,0.00145254756042436,1.3894941581163747,0.027777777777777783,0.009680635386225577,0.009744862855542803
drift,51,0.1,0.0020052424723855998,1.9195153178288087,0.027555555555555555,0.009666571365422266,0.009719291151680824
drift,51,0.15,0.0019856874924503603,1.8979822868330174,0.027333333333333338,0.009650386317445492,0.009697976894781097
drift,51,0.2,0.0019193260796361601,1.8329809782853186,0.027777777777777783,0.009606103172093948,0.009649110195574873
drift,51,0.3,0.0016469125667426803,1.5712282037102852,0.03133333333333334,0.00992071463317136,0.009869799305372493
